point_id,longitude,latitude
0,3.5402380,45.7651206
1,3.5406196,45.7641208
2,3.5410287,45.7631333
3,3.5415257,45.7621856
4,3.5420773,45.7612702
5,3.5426721,45.7603806
6,3.5432689,45.7594922
7,3.5438698,45.7586067
8,3.5444603,45.7577146
9,3.5449843,45.7567815
10,3.5455850,45.7558973
11,3.5461841,45.7550136
12,3.5465461,45.7540118
13,3.5465362,45.7529513
14,3.5461393,45.7519628
15,3.5455368,45.7510820
16,3.5448432,45.7502671
17,3.5441462,45.7494552
18,3.5434644,45.7486303
19,3.5427849,45.7478035
20,3.5421072,45.7469752
21,3.5414240,45.7461515
22,3.5407395,45.7453289
23,3.5400588,45.7445030
24,3.5393783,45.7436771
25,3.5386965,45.7428522
26,3.5380111,45.7420303
27,3.5373258,45.7412083
28,3.5366131,45.7404107
29,3.5358791,45.7396318
30,3.5350257,45.7389861
31,3.5342024,45.7383036
32,3.5335136,45.7374885
33,3.5328205,45.7366731
34,3.5321450,45.7358431
35,3.5314653,45.7350186
36,3.5309930,45.7340606
37,3.5307431,45.7330215
38,3.5305521,45.7319685
39,3.5303994,45.7309093
40,3.5302302,45.7298526
41,3.5298637,45.7288575
42,3.5293560,45.7279155
43,3.5288673,45.7269634
44,3.5283398,45.7260326
45,3.5279014,45.7250587
46,3.5279032,45.7240147
47,3.5284936,45.7231464
48,3.5294080,45.7226032
49,3.5304378,45.7223348
50,3.5315066,45.7222922
51,3.5325675,45.7221813
52,3.5335784,45.7218484
53,3.5344500,45.7212342
54,3.5349176,45.7203158
55,3.5345949,45.7193087
56,3.5338998,45.7185155
57,3.5329724,45.7179815
58,3.5320233,45.7174915
59,3.5310640,45.7170585
60,3.5308328,45.7160136
61,3.5306017,45.7149687
62,3.5305416,45.7139976
63,3.5314607,45.7134493
64,3.5324789,45.7131435
65,3.5335095,45.7128563
66,3.5345062,45.7124949
67,3.5353637,45.7118545
68,3.5360895,45.7110741
69,3.5367266,45.7102151
70,3.5372601,45.7092874
71,3.5378234,45.7083777
72,3.5385579,45.7076092
73,3.5395264,45.7071677
74,3.5405432,45.7068351
75,3.5415318,45.7064301
76,3.5425092,45.7060017
77,3.5435315,45.7056853
78,3.5445539,45.7053690
79,3.5455900,45.7051018
80,3.5465847,45.7047229
81,3.5474653,45.7041281
82,3.5484393,45.7037155
83,3.5494831,45.7034991
84,3.5505529,45.7034738
85,3.5516194,45.7034061
86,3.5526555,45.7031655
87,3.5535911,45.7026691
88,3.5544465,45.7020259
89,3.5552822,45.7013578
90,3.5561072,45.7006762
91,3.5570324,45.7001626
92,3.5580610,45.6998854
93,3.5591277,45.6998290
94,3.5601878,45.6999355
95,3.5611966,45.7002917
96,3.5621818,45.7007064
97,3.5632205,45.7009262
98,3.5642894,45.7009260
99,3.5653558,45.7008409
100,3.5664192,45.7007215
101,3.5674851,45.7006306
102,3.5685535,45.7005693
103,3.5696151,45.7006819
104,3.5706670,45.7008764
105,3.5717338,45.7009588
106,3.5727939,45.7008277
107,3.5738398,45.7006029
108,3.5748886,45.7003948
109,3.5759492,45.7002521
110,3.5770151,45.7001631
111,3.5780809,45.7001438
112,3.5791141,45.7004037
113,3.5800719,45.7008621
114,3.5809098,45.7015258
115,3.5817728,45.7021487
116,3.5827743,45.7025138
117,3.5838257,45.7026983
118,3.5848951,45.7026937
119,3.5859600,45.7025873
120,3.5870231,45.7024646
121,3.5880783,45.7022959
122,3.5890785,45.7019258
123,3.5899556,45.7013279
124,3.5905357,45.7004403
125,3.5906085,45.6993884
126,3.5903114,45.6983612
127,3.5900339,45.6973302
128,3.5900018,45.6962657
129,3.5900552,45.6951984
130,3.5904277,45.6942170
131,3.5910722,45.6933657
132,3.5919623,45.6927844
133,3.5929625,45.6924099
134,3.5940103,45.6921920
135,3.5950779,45.6921296
136,3.5961467,45.6920791
137,3.5972164,45.6920533
138,3.5982772,45.6919319
139,3.5993078,45.6916460
140,3.6003259,45.6913160
141,3.6013717,45.6910946
142,3.6024355,45.6909893
143,3.6035027,45.6910200
144,3.6045659,45.6911415
145,3.6056304,45.6912426
146,3.6066964,45.6911820
147,3.6077326,45.6909175
148,3.6086825,45.6904351
149,3.6095130,45.6897662
150,3.6100489,45.6888478
151,3.6102610,45.6878096
152,3.6100346,45.6867751
153,3.6095707,45.6858112
154,3.6091304,45.6848433
155,3.6092353,45.6837959
156,3.6099067,45.6829882
157,3.6108426,45.6824891
158,3.6118827,45.6822426
159,3.6129300,45.6820264
160,3.6139608,45.6817389
161,3.6150039,45.6815037
162,3.6160513,45.6812852
163,3.6170550,45.6809349
164,3.6179639,45.6803726
165,3.6187440,45.6796433
166,3.6194875,45.6788818
167,3.6204207,45.6783739
168,3.6214550,45.6781162
169,3.6225216,45.6780724
170,3.6235836,45.6781651
171,3.6246336,45.6783718
172,3.6256844,45.6785747
173,3.6267381,45.6787613
174,3.6278049,45.6788164
175,3.6288596,45.6786497
176,3.6298530,45.6782537
177,3.6306912,45.6776034
178,3.6312478,45.6767056
179,3.6316182,45.6757051
180,3.6323025,45.6748979
181,3.6332064,45.6743311
182,3.6341807,45.6738920
183,3.6351863,45.6735262
184,3.6361852,45.6731422
185,3.6371785,45.6727440
186,3.6381636,45.6723285
187,3.6389974,45.6716590
188,3.6398008,45.6709520
189,3.6407043,45.6704107
190,3.6417018,45.6700232
191,3.6425665,45.6694213
192,3.6427958,45.6683910
193,3.6431916,45.6674233
194,3.6439179,45.6666383
195,3.6447299,45.6659488
196,3.6456799,45.6654645
197,3.6467194,45.6652215
198,3.6477848,45.6651571
199,3.6488549,45.6651675
200,3.6499138,45.6650279
201,3.6508917,45.6645961
202,3.6517128,45.6639405
203,3.6522737,45.6630292
204,3.6528822,45.6621731
205,3.6537374,45.6615297
206,3.6547093,45.6611006
207,3.6557429,45.6608256
208,3.6567083,45.6603796
209,3.6575146,45.6596849
210,3.6578647,45.6586851
211,3.6578053,45.6576185
212,3.6578837,45.6565603
213,3.6584668,45.6556829
214,3.6593538,45.6550871
215,3.6603204,45.6546489
216,3.6613843,45.6545337
217,3.6624468,45.6544060
218,3.6634869,45.6541816
219,3.6644535,45.6537374
220,3.6652187,45.6530050
221,3.6655223,45.6519989
222,3.6656136,45.6509376
223,3.6655433,45.6498721
224,3.6651656,45.6488863
225,3.6645870,45.6479879
226,3.6641933,45.6470132
227,3.6643958,45.6459814
228,3.6650507,45.6451473
229,3.6659729,45.6446199
230,3.6669957,45.6443087
231,3.6680425,45.6440953
232,3.6691048,45.6442249
233,3.6701231,45.6445427
234,3.6710352,45.6450997
235,3.6719066,45.6457200
236,3.6727616,45.6463636
237,3.6736401,45.6469703
238,3.6746142,45.6473960
239,3.6756698,45.6474520
240,3.6767377,45.6474722
241,3.6777794,45.6472866
242,3.6787282,45.6468094
243,3.6795319,45.6461090
244,3.6803400,45.6454169
245,3.6813111,45.6449757
246,3.6823511,45.6447520
247,3.6834177,45.6447377
248,3.6844584,45.6449607
249,3.6854611,45.6453328
250,3.6864522,45.6457346
251,3.6874815,45.6460242
252,3.6885448,45.6461305
253,3.6896127,45.6462006
254,3.6906804,45.6462726
255,3.6917478,45.6463498
256,3.6928162,45.6464112
257,3.6938850,45.6464652
258,3.6949527,45.6464078
259,3.6960196,45.6463246
260,3.6970676,45.6461375
261,3.6980852,45.6458064
262,3.6990904,45.6454413
263,3.7001447,45.6452578
264,3.7012024,45.6450961
265,3.7022620,45.6449469
266,3.7033107,45.6447371
267,3.7042897,45.6443136
268,3.7051377,45.6436710
269,3.7056709,45.6427533
270,3.7057917,45.6416908
271,3.7058675,45.6406233
272,3.7060020,45.6395642
273,3.7064855,45.6386203
274,3.7072021,45.6378346
275,3.7080587,45.6371931
276,3.7089029,45.6365357
277,3.7097783,45.6359217
278,3.7104926,45.6351323
279,3.7108720,45.6341484
280,3.7106404,45.6331267
281,3.7100494,45.6322368
282,3.7095121,45.6313318
283,3.7094362,45.6302703
284,3.7098951,45.6293142
285,3.7106764,45.6285996
286,3.7116580,45.6281734
287,3.7126315,45.6277319
288,3.7134406,45.6270412
289,3.7138778,45.6260816
290,3.7139994,45.6250199
291,3.7143260,45.6240222
292,3.7150800,45.6232682
293,3.7160268,45.6227791
294,3.7170647,45.6225278
295,3.7181282,45.6224083
296,3.7191743,45.6222011
297,3.7200888,45.6216876
298,3.7209702,45.6211079
299,3.7217827,45.6204130
300,3.7226589,45.6198015
301,3.7234480,45.6190891
302,3.7238269,45.6181130
303,3.7237166,45.6170650
304,3.7230955,45.6162092
305,3.7221967,45.6156498
306,3.7212125,45.6152339
307,3.7201747,45.6149724
308,3.7191840,45.6145791
309,3.7183842,45.6138758
310,3.7178773,45.6129431
311,3.7178361,45.6118913
312,3.7182645,45.6109132
313,3.7186676,45.6099261
314,3.7188685,45.6088754
315,3.7189053,45.6078130
316,3.7188132,45.6067468
317,3.7187418,45.6056790
318,3.7186769,45.6046108
319,3.7186280,45.6035417
320,3.7185606,45.6024737
321,3.7184750,45.6014071
322,3.7183667,45.6003424
323,3.7182577,45.5992778
324,3.7182306,45.5982092
325,3.7187666,45.5973031
326,3.7195981,45.5966358
327,3.7205623,45.5961764
328,3.7216121,45.5959828
329,3.7226783,45.5959012
330,3.7237462,45.5958365
331,3.7248059,45.5957027
332,3.7258182,45.5953733
333,3.7267173,45.5948088
334,3.7273662,45.5939738
335,3.7275041,45.5929376
336,3.7272321,45.5919105
337,3.7268184,45.5909235
338,3.7264186,45.5899311
339,3.7260171,45.5889397
340,3.7254301,45.5880518
341,3.7246907,45.5872793
342,3.7240256,45.5864459
343,3.7238316,45.5854134
344,3.7239238,45.5843477
345,3.7242404,45.5833287
346,3.7248798,45.5824826
347,3.7256107,45.5817014
348,3.7263596,45.5809369
349,3.7270051,45.5800849
350,3.7275943,45.5791915
351,3.7281585,45.5782824
352,3.7287035,45.5773619
353,3.7291051,45.5763712
354,3.7292420,45.5753193
355,3.7292090,45.5742496
356,3.7291810,45.5731798
357,3.7291397,45.5721105
358,3.7290887,45.5710415
359,3.7290471,45.5699722
360,3.7290201,45.5689023
361,3.7291115,45.5678374
362,3.7292298,45.5667738
363,3.7293728,45.5657132
364,3.7294988,45.5646504
365,3.7296359,45.5635891
366,3.7297805,45.5625287
367,3.7298990,45.5614652
368,3.7300169,45.5604026
369,3.7301121,45.5593367
370,3.7302270,45.5582729
371,3.7303419,45.5572095
372,3.7304894,45.5561546
373,3.7309911,45.5552257
374,3.7318532,45.5546048
375,3.7327767,45.5540660
376,3.7336503,45.5534490
377,3.7343143,45.5526222
378,3.7346473,45.5516184
379,3.7347444,45.5505538
380,3.7347816,45.5494843
381,3.7348570,45.5484171
382,3.7349551,45.5473515
383,3.7350532,45.5462858
384,3.7351326,45.5452186
385,3.7352046,45.5441509
386,3.7352766,45.5430831
387,3.7353209,45.5420139
