point_id,lat,lon,distance_km,altitude_m
0,45.765121,3.540238,0.0,314.0
1,45.764252,3.54057,0.1,314.7
2,45.763387,3.540924,0.2,315.1
3,45.762537,3.541342,0.2999,314.7
4,45.761701,3.541818,0.3999,317.2
5,45.760879,3.542339,0.4998,316.6
6,45.760064,3.542885,0.5998,315.4
7,45.75925,3.543433,0.6998,315.9
8,45.758437,3.543982,0.7997,315.9
9,45.757618,3.544515,0.8997,315.3
10,45.75678,3.544985,0.9998,314.1
11,45.755968,3.545537,1.0997,314.8
12,45.755155,3.546088,1.1997,315.6
13,45.754293,3.546444,1.2995,316.4
14,45.753403,3.54654,1.3987,317.0
15,45.75252,3.546363,1.4978,316.7
16,45.751673,3.545941,1.5975,315.4
17,45.750872,3.545358,1.6974,317.1
18,45.750099,3.544699,1.7974,318.6
19,45.749326,3.54404,1.8974,319.5
20,45.748547,3.543396,1.9974,319.5
21,45.747767,3.542755,2.0974,319.3
22,45.746986,3.542116,2.1974,319.1
23,45.746208,3.541471,2.2973,318.6
24,45.74543,3.540824,2.3973,318.6
25,45.744651,3.54018,2.4973,319.1
26,45.743871,3.539538,2.5973,318.9
27,45.743092,3.538895,2.6973,320.5
28,45.742314,3.538248,2.7973,322.2
29,45.741537,3.5376,2.8973,322.4
30,45.740768,3.536932,2.9973,323.3
31,45.740011,3.536236,3.0973,326.1
32,45.739304,3.535446,3.197,326.9
33,45.738629,3.534595,3.297,328.2
34,45.737896,3.533858,3.3966,329.5
35,45.737121,3.533202,3.4967,333.6
36,45.736344,3.532553,3.5967,337.5
37,45.735563,3.531914,3.6967,332.4
38,45.734763,3.531339,3.7962,330.4
39,45.733906,3.530956,3.896,334.0
40,45.733019,3.530743,3.996,327.0
41,45.732127,3.530581,4.096,328.3
42,45.731232,3.530446,4.1961,337.8
43,45.730338,3.530308,4.2961,340.8
44,45.729455,3.530084,4.3958,338.5
45,45.728593,3.529721,4.4957,345.0
46,45.72775,3.529271,4.5957,339.7
47,45.726904,3.528834,4.6957,329.9
48,45.726068,3.52836,4.7957,336.2
49,45.725211,3.52797,4.8957,340.3
50,45.724319,3.527903,4.995,340.7
51,45.723477,3.528269,5.0928,340.3
52,45.722801,3.529075,5.1906,343.2
53,45.722395,3.530205,5.2893,342.9
54,45.722293,3.531476,5.3886,347.2
55,45.722126,3.532735,5.4881,344.6
56,45.721672,3.533828,5.5868,340.8
57,45.720968,3.534586,5.6847,341.8
58,45.720113,3.534853,5.782,346.2
59,45.719245,3.534539,5.8815,346.6
60,45.718487,3.533851,5.9813,346.9
61,45.71792,3.532852,6.0813,344.6
62,45.717394,3.531808,6.1813,343.6
63,45.716781,3.531003,6.2738,353.7
64,45.715892,3.530806,6.3738,389.0
65,45.715003,3.530609,6.4738,398.7
66,45.714105,3.530548,6.5738,362.1
67,45.713483,3.531404,6.6697,358.5
68,45.713116,3.532576,6.7694,357.7
69,45.712765,3.533761,6.8693,353.3
70,45.712266,3.534812,6.968,360.3
71,45.711573,3.535625,7.0676,368.4
72,45.710804,3.53629,7.1675,374.3
73,45.709996,3.536853,7.2674,372.8
74,45.709163,3.537337,7.3674,365.2
75,45.708341,3.537858,7.4674,370.4
76,45.707599,3.538581,7.5672,376.9
77,45.707121,3.53967,7.6671,372.8
78,45.706721,3.540823,7.7671,377.6
79,45.706257,3.541926,7.8671,389.6
80,45.705832,3.543057,7.9668,386.6
81,45.705468,3.544235,8.0668,381.8
82,45.705142,3.545434,8.1667,377.8
83,45.704727,3.546575,8.2666,384.9
84,45.704109,3.547509,8.3665,385.2
85,45.703676,3.548631,8.466,390.3
86,45.70349,3.549882,8.5653,382.0
87,45.703435,3.551167,8.6653,366.7
88,45.703223,3.55241,8.7647,373.5
89,45.702731,3.553475,8.8639,370.9
90,45.702085,3.554368,8.9637,373.9
91,45.701409,3.555218,9.0637,380.1
92,45.700723,3.55605,9.1637,380.6
93,45.700158,3.557049,9.2635,398.7
94,45.699875,3.558263,9.3629,418.4
95,45.699871,3.559544,9.4624,408.7
96,45.700136,3.560757,9.5611,391.4
97,45.700578,3.561877,9.661,384.1
98,45.700895,3.563074,9.7604,383.6
99,45.700921,3.564355,9.8599,384.4
100,45.70081,3.565632,9.9598,382.9
101,45.70068,3.566906,10.0598,385.2
102,45.70059,3.568187,10.1598,386.6
103,45.700666,3.569463,10.2593,392.8
104,45.70088,3.570713,10.3592,390.7
105,45.700927,3.57199,10.4585,387.1
106,45.700731,3.573244,10.5583,393.6
107,45.700476,3.574479,10.6583,396.2
108,45.700281,3.575735,10.7582,391.7
109,45.700163,3.577011,10.8582,389.6
110,45.700195,3.578286,10.9573,390.4
111,45.700564,3.57945,11.0566,399.4
112,45.701142,3.580425,11.1559,399.9
113,45.701804,3.581295,11.2558,396.7
114,45.702343,3.582306,11.3546,397.6
115,45.702643,3.58351,11.4539,401.7
116,45.702694,3.584788,11.5533,397.4
117,45.702575,3.586064,11.6533,392.9
118,45.702415,3.587331,11.7533,387.2
119,45.702126,3.588538,11.8524,386.8
120,45.701596,3.589563,11.9514,398.2
121,45.700859,3.590262,12.0497,397.7
122,45.700001,3.590566,12.148,396.0
123,45.699108,3.590528,12.2473,394.9
124,45.698227,3.590275,12.3472,394.0
125,45.697343,3.590037,12.4472,396.0
126,45.696444,3.590007,12.5472,395.4
127,45.695545,3.590038,12.6472,396.8
128,45.694664,3.590258,12.7466,396.6
129,45.693831,3.59072,12.8459,397.3
130,45.693111,3.591462,12.9445,400.1
131,45.692586,3.592494,13.0437,406.3
132,45.692259,3.593686,13.1432,408.2
133,45.692137,3.594957,13.2428,413.1
134,45.692077,3.596241,13.3428,417.3
135,45.692018,3.597524,13.4427,417.7
136,45.691797,3.598764,13.5421,420.8
137,45.691439,3.599945,13.6421,425.5
138,45.69114,3.601156,13.7419,420.5
139,45.69099,3.602424,13.8418,415.7
140,45.691043,3.603707,13.9416,416.6
141,45.691181,3.60498,14.0417,414.6
142,45.691207,3.606259,14.1411,409.8
143,45.690979,3.607493,14.2402,404.7
144,45.690493,3.608568,14.3397,404.2
145,45.68983,3.609433,14.4394,404.7
146,45.689012,3.609953,14.5389,406.2
147,45.688133,3.610195,14.6384,409.6
148,45.687244,3.610137,14.7374,417.6
149,45.686372,3.609841,14.8371,427.0
150,45.685518,3.609437,14.9371,429.2
151,45.684652,3.60915,15.0359,428.3
152,45.683761,3.609265,15.1354,421.1
153,45.682984,3.609914,15.2354,417.9
154,45.682462,3.610955,15.3349,425.7
155,45.682182,3.612178,15.4349,429.4
156,45.681896,3.613397,15.5348,427.6
157,45.681593,3.614608,15.6347,423.0
158,45.68133,3.615839,15.7347,423.7
159,45.680953,3.617004,15.8344,432.7
160,45.680363,3.617974,15.9343,424.4
161,45.679643,3.618744,16.0342,417.3
162,45.6789,3.61947,16.1342,421.4
163,45.678357,3.620489,16.2338,425.2
164,45.678105,3.621716,16.3332,426.0
165,45.678114,3.622998,16.4328,430.2
166,45.678297,3.624255,16.5326,436.5
167,45.678538,3.625495,16.6326,441.9
168,45.678761,3.626742,16.7326,451.2
169,45.678782,3.628021,16.832,453.1
170,45.678502,3.62923,16.931,446.0
171,45.677958,3.630235,17.0298,438.7
172,45.677216,3.630932,17.1285,435.6
173,45.676373,3.631371,17.2282,434.1
174,45.675525,3.631771,17.3275,430.6
175,45.674784,3.632484,17.4268,432.0
176,45.674211,3.633473,17.5266,451.5
177,45.673749,3.634575,17.6265,459.6
178,45.673325,3.63571,17.7265,447.0
179,45.672883,3.636831,17.8265,445.1
180,45.672424,3.637938,17.9265,445.1
181,45.671789,3.638835,18.0257,447.5
182,45.67109,3.639644,18.1257,446.4
183,45.670481,3.640586,18.2254,455.4
184,45.670026,3.641693,18.3252,463.3
185,45.669382,3.642575,18.4243,474.6
186,45.668493,3.642773,18.5243,472.8
187,45.667626,3.643109,18.6242,460.8
188,45.666845,3.643727,18.7234,459.2
189,45.666134,3.644512,18.8233,461.2
190,45.66556,3.645492,18.9227,460.2
191,45.665231,3.64668,19.022,460.5
192,45.665159,3.647961,19.1219,462.4
193,45.665117,3.649241,19.2215,463.2
194,45.664803,3.650423,19.3198,461.8
195,45.664211,3.651374,19.4188,460.7
196,45.663445,3.652018,19.5176,460.8
197,45.662629,3.652558,19.6176,461.9
198,45.661887,3.653262,19.7166,470.9
199,45.66131,3.654235,19.8158,474.4
200,45.66092,3.655388,19.9153,471.4
201,45.660476,3.656499,20.0148,472.7
202,45.659817,3.657361,20.1141,475.4
203,45.658977,3.657763,20.2126,479.5
204,45.658087,3.657831,20.3117,486.0
205,45.657188,3.657837,20.4117,485.8
206,45.656315,3.658047,20.5101,475.8
207,45.655543,3.658676,20.6089,465.7
208,45.654955,3.659644,20.7086,465.7
209,45.654597,3.660795,20.8065,471.6
210,45.654452,3.662065,20.9065,471.1
211,45.654221,3.663306,21.0063,470.7
212,45.65376,3.664404,21.1059,473.2
213,45.653045,3.665177,21.2056,474.8
214,45.652173,3.66547,21.3052,478.7
215,45.651279,3.665584,21.405,479.2
216,45.650381,3.665577,21.5049,476.9
217,45.649495,3.665399,21.6044,476.7
218,45.648641,3.665008,21.7041,481.7
219,45.647812,3.664516,21.8039,484.8
220,45.646944,3.664207,21.9034,485.7
221,45.646053,3.664382,22.0034,481.8
222,45.645257,3.664965,22.1028,480.3
223,45.644657,3.665908,22.2019,482.5
224,45.644292,3.667079,22.3016,485.3
225,45.644129,3.668321,22.3998,480.7
226,45.644365,3.669553,22.4991,480.5
227,45.644847,3.670622,22.598,487.2
228,45.645468,3.671552,22.698,489.4
229,45.64612,3.672438,22.798,494.5
230,45.646762,3.673338,22.898,495.5
231,45.64729,3.674371,22.9975,492.4
232,45.647449,3.675611,23.0955,497.6
233,45.647445,3.676892,23.1951,495.5
234,45.647135,3.67808,23.2937,492.1
235,45.646543,3.679034,23.3929,494.0
236,45.645843,3.679842,23.4929,496.8
237,45.645227,3.680758,23.5917,495.4
238,45.644847,3.68191,23.6907,494.6
239,45.644741,3.683176,23.7898,497.2
240,45.644952,3.684417,23.8891,494.7
241,45.645371,3.685554,23.989,497.0
242,45.645799,3.686683,24.0888,497.4
243,45.646066,3.687902,24.1881,497.3
244,45.646172,3.68918,24.2881,499.3
245,45.646258,3.69046,24.3881,502.4
246,45.646349,3.69174,24.4881,500.7
247,45.646422,3.693022,24.5881,498.9
248,45.646443,3.694305,24.6879,499.2
249,45.646358,3.695586,24.7879,496.6
250,45.646178,3.696843,24.8876,498.3
251,45.645826,3.698024,24.9874,502.9
252,45.645427,3.699174,25.0872,504.4
253,45.645215,3.700424,25.1872,498.9
254,45.645029,3.701682,25.2872,494.9
255,45.644813,3.70293,25.3871,495.9
256,45.64441,3.704068,25.4863,494.2
257,45.643787,3.704985,25.5857,495.2
258,45.642983,3.705537,25.6849,496.1
259,45.642104,3.705745,25.784,495.9
260,45.641207,3.705826,25.8839,494.7
261,45.64031,3.705907,25.9838,496.5
262,45.639422,3.706075,26.0834,496.7
263,45.63858,3.706522,26.1833,495.5
264,45.637824,3.707217,26.2832,496.1
265,45.637166,3.708094,26.3832,497.3
266,45.636498,3.708956,26.4832,498.2
267,45.63585,3.709843,26.5829,502.7
268,45.635084,3.710511,26.6827,507.3
269,45.634216,3.710846,26.7827,510.2
270,45.633329,3.710686,26.8821,514.5
271,45.632497,3.710222,26.9814,514.1
272,45.631671,3.709713,27.0814,513.1
273,45.6308,3.709474,27.18,507.1
274,45.629921,3.709604,27.2783,503.3
275,45.629108,3.71012,27.3772,509.8
276,45.628463,3.710991,27.4758,510.6
277,45.627983,3.712079,27.5758,506.9
278,45.627393,3.713029,27.6746,511.4
279,45.626617,3.713634,27.7729,518.7
280,45.625746,3.713916,27.8722,523.6
281,45.624853,3.714054,27.9721,517.3
282,45.623984,3.714365,28.0717,508.1
283,45.623253,3.71511,28.1715,507.4
284,45.622746,3.716165,28.271,507.1
285,45.622491,3.717395,28.3708,512.3
286,45.622305,3.71865,28.4706,519.8
287,45.621876,3.719752,28.5687,524.1
288,45.621278,3.720711,28.6686,523.5
289,45.620604,3.721559,28.7684,520.3
290,45.619952,3.722443,28.8683,517.6
291,45.619259,3.72326,28.9682,516.0
292,45.618429,3.723704,29.0667,518.4
293,45.617543,3.723767,29.1653,527.2
294,45.61669,3.723444,29.2634,541.2
295,45.61597,3.722711,29.3617,563.5
296,45.615434,3.721685,29.4613,549.9
297,45.61506,3.720523,29.5608,527.6
298,45.614656,3.719378,29.6605,522.5
299,45.613997,3.718523,29.7595,516.7
300,45.613181,3.718006,29.8587,512.8
301,45.612298,3.717852,29.9576,510.4
302,45.61142,3.718042,30.0563,510.2
303,45.610559,3.718409,30.1562,511.9
304,45.609687,3.718713,30.256,512.7
305,45.608795,3.718871,30.3559,513.0
306,45.607896,3.718902,30.4559,511.9
307,45.606998,3.718835,30.5559,514.1
308,45.6061,3.71877,30.6559,516.6
309,45.605201,3.718713,30.756,521.5
310,45.604303,3.718663,30.8559,529.8
311,45.603404,3.718619,30.9559,529.5
312,45.602505,3.718563,31.056,524.7
313,45.601607,3.718491,31.156,522.9
314,45.60071,3.718404,31.256,529.5
315,45.599813,3.718313,31.356,529.9
316,45.598915,3.718249,31.456,532.1
317,45.598031,3.718336,31.5545,531.3
318,45.597219,3.718872,31.654,531.1
319,45.596565,3.719747,31.7536,531.2
320,45.596123,3.720851,31.8526,527.3
321,45.595945,3.722107,31.9523,522.5
322,45.595858,3.723387,32.0524,521.6
323,45.595722,3.724656,32.1523,522.4
324,45.595366,3.72583,32.2519,518.9
325,45.594751,3.726762,32.3516,517.6
326,45.593959,3.727368,32.4515,521.0
327,45.593064,3.727487,32.5514,530.3
328,45.592178,3.727303,32.651,533.7
329,45.591309,3.72698,32.7508,536.4
330,45.590444,3.726625,32.8509,538.7
331,45.589579,3.726276,32.9508,541.8
332,45.588726,3.725876,33.0506,536.2
333,45.587922,3.725306,33.1504,532.1
334,45.58717,3.724603,33.2503,526.5
335,45.586376,3.724013,33.3498,532.5
336,45.585485,3.723845,33.4497,531.8
337,45.584587,3.723903,33.5497,533.6
338,45.583704,3.724124,33.6494,526.5
339,45.582873,3.724585,33.7485,522.7
340,45.5821,3.725238,33.8484,522.0
341,45.581352,3.725953,33.9485,519.8
342,45.580587,3.726625,34.0484,524.9
343,45.579785,3.727203,34.1483,529.1
344,45.578966,3.727734,34.2483,525.7
345,45.57814,3.728243,34.3483,523.5
346,45.577307,3.728726,34.4483,524.7
347,45.576442,3.729076,34.5483,527.1
348,45.575549,3.729212,34.6482,527.8
349,45.57465,3.729221,34.7482,529.2
350,45.573751,3.729196,34.8482,524.5
351,45.572852,3.729168,34.9482,523.0
352,45.571953,3.729132,35.0482,524.7
353,45.571054,3.729089,35.1482,523.9
354,45.570155,3.729054,35.2482,522.6
355,45.569256,3.729029,35.3482,523.8
356,45.568358,3.729067,35.4481,527.7
357,45.567461,3.729153,35.5481,530.6
358,45.566564,3.729258,35.6482,529.3
359,45.565669,3.729378,35.7482,533.1
360,45.564773,3.729484,35.8482,533.2
361,45.563877,3.729599,35.9482,530.5
362,45.562982,3.729719,36.0482,527.8
363,45.562086,3.72983,36.1482,528.3
364,45.561189,3.72993,36.2482,529.1
365,45.560292,3.730027,36.3482,531.7
366,45.559395,3.730107,36.4481,532.1
367,45.558498,3.730203,36.5481,534.3
368,45.557601,3.7303,36.6481,535.1
369,45.556705,3.730412,36.7481,530.0
370,45.555831,3.730664,36.8472,526.8
371,45.555045,3.731242,36.9455,525.9
372,45.554422,3.732166,37.0454,523.6
373,45.553822,3.733122,37.1454,523.9
374,45.553124,3.733912,37.2444,523.1
375,45.552306,3.734419,37.3436,524.4
376,45.551426,3.734665,37.4433,524.9
377,45.550528,3.734745,37.5433,526.8
378,45.549629,3.734777,37.6433,527.5
379,45.548731,3.734835,37.7433,525.6
380,45.547833,3.734911,37.8433,526.3
381,45.546936,3.734993,37.9432,527.0
382,45.546038,3.735072,38.0432,527.4
383,45.54514,3.735138,38.1432,526.7
384,45.544242,3.735198,38.2432,527.5
385,45.543343,3.735259,38.3433,528.1
386,45.542445,3.735303,38.4432,528.2
