cluster_id,lat,lon,distance_km,altitude_m,pluie_moy_mm_h,pluie_p95_mm_h,temp_moy_c,vent_moy_kmh,humidity_moy_pct,cloudcover_moy_pct
0,45.4092,3.7275,0.0,596.5,0.1194,0.7,12.35,9.08,75.2,63.4
1,45.3974,3.6556,10.0529,846.0,0.1194,0.7,10.8,9.08,74.9,63.4
2,45.3313,3.6691,20.1286,988.6,0.096,0.5,10.09,9.9,73.1,62.4
3,45.2885,3.7075,30.1861,1102.6,0.096,0.5,9.29,9.9,73.0,62.4
4,45.3765,3.6807,40.1926,923.2,0.1194,0.7,10.25,9.08,74.8,63.4
5,45.4645,3.6539,50.1991,941.5,0.1194,0.7,10.1,9.08,74.8,63.4
6,45.5524,3.6271,60.2023,1115.9,0.1194,0.7,8.95,9.08,74.6,63.4
7,45.6413,3.6,70.3009,819.3,0.1051,0.6,10.62,9.26,73.3,62.7
8,45.7301,3.573,80.3975,500.5,0.1051,0.6,12.72,9.26,73.7,62.7
9,45.819,3.5459,90.4941,381.0,0.1051,0.6,13.47,9.26,73.8,62.7
10,45.9078,3.5188,100.5906,391.3,0.0942,0.5,13.27,9.84,71.9,61.8
11,45.9966,3.4918,110.6871,293.4,0.0942,0.5,13.87,9.84,72.0,61.8
12,46.0855,3.4647,120.7836,342.3,0.0942,0.5,13.57,9.84,72.0,61.8
13,46.1743,3.4376,130.8801,331.6,0.0867,0.5,13.38,10.32,71.5,62.1
14,46.1359,3.4239,140.9162,262.2,0.0867,0.5,13.88,10.32,71.6,62.1
15,46.0557,3.4669,151.0062,267.1,0.0942,0.5,14.07,9.84,72.1,61.8
16,45.9683,3.4794,161.1024,286.5,0.0942,0.5,13.92,9.84,72.1,61.8
17,45.8862,3.5066,171.1683,375.2,0.0942,0.5,13.37,9.84,72.0,61.8
18,45.803,3.5588,181.2661,383.0,0.1051,0.6,13.47,9.26,73.8,62.7
19,45.7198,3.611,191.3638,566.2,0.1051,0.6,12.27,9.26,73.6,62.7
20,45.6366,3.6632,201.463,574.0,0.1424,0.8,12.05,8.94,76.6,63.5
21,45.5542,3.7149,211.47,594.5,0.1194,0.7,12.45,9.08,75.2,63.4
22,45.4679,3.7231,221.5683,545.3,0.1194,0.7,12.7,9.08,75.2,63.4
23,45.3781,3.717,231.5711,753.1,0.1194,0.7,11.35,9.08,75.0,63.4
24,45.2882,3.7108,241.574,1118.3,0.096,0.5,9.19,9.9,73.0,62.4
25,45.2092,3.703,251.6547,1017.1,0.096,0.5,9.89,9.9,73.1,62.4
26,45.1467,3.7195,261.731,884.4,0.096,0.5,10.74,9.9,73.2,62.4
27,45.2229,3.7036,271.8115,980.9,0.096,0.5,10.04,9.9,73.1,62.4
28,45.3103,3.6732,281.8154,915.6,0.096,0.5,10.54,9.9,73.2,62.4
29,45.3985,3.6425,291.9127,923.7,0.1194,0.7,10.25,9.08,74.8,63.4
30,45.4868,3.6118,302.0099,924.1,0.1035,0.6,10.13,9.19,73.3,63.5
31,45.575,3.5811,312.1069,1033.4,0.1035,0.6,9.48,9.19,73.2,63.5
32,45.6633,3.5504,322.2039,644.6,0.1051,0.6,11.77,9.26,73.5,62.7
33,45.7515,3.5196,332.3009,459.1,0.1051,0.6,12.97,9.26,73.7,62.7
34,45.8353,3.4913,342.3326,304.9,0.1051,0.6,13.97,9.26,73.9,62.7
35,45.7542,3.5499,352.4296,318.3,0.1051,0.6,13.92,9.26,73.9,62.7
36,45.6731,3.6085,362.527,625.0,0.1051,0.6,11.97,9.26,73.5,62.7
37,45.5929,3.6666,372.5277,915.0,0.1194,0.7,10.3,9.08,74.9,63.4
38,45.5126,3.7246,382.534,536.3,0.1194,0.7,12.75,9.08,75.2,63.4
39,45.4245,3.7324,392.6285,575.0,0.1194,0.7,12.5,9.08,75.2,63.4
40,45.4804,3.6932,402.6643,704.2,0.1194,0.7,11.6,9.08,75.1,63.4
41,45.5656,3.6521,412.6667,980.9,0.1194,0.7,9.85,9.08,74.8,63.4
42,45.6508,3.611,422.6691,699.1,0.1051,0.6,11.37,9.26,73.5,62.7
43,45.7361,3.5699,432.6714,423.6,0.1051,0.6,13.17,9.26,73.7,62.7
44,45.8213,3.5288,442.6731,328.9,0.1051,0.6,13.82,9.26,73.8,62.7
45,45.9074,3.4872,452.7663,328.2,0.0942,0.5,13.67,9.84,72.0,61.8
46,45.9042,3.4794,462.8353,300.3,0.0942,0.5,13.87,9.84,72.0,61.8
47,45.8168,3.5088,472.838,302.6,0.1051,0.6,13.97,9.26,73.9,62.7
48,45.7351,3.5317,482.9325,333.4,0.1051,0.6,13.82,9.26,73.8,62.7
49,45.6912,3.6007,492.9815,426.7,0.1051,0.6,13.32,9.26,73.8,62.7
50,45.6446,3.6818,503.0255,497.0,0.1424,0.8,12.75,8.94,76.7,63.5
51,45.5832,3.7243,513.0905,525.8,0.1194,0.7,12.85,9.08,75.2,63.4
52,45.5495,3.714,523.1418,633.4,0.1194,0.7,12.1,9.08,75.1,63.4
53,45.6285,3.6525,533.1433,673.0,0.1424,0.8,11.6,8.94,76.6,63.5
54,45.7083,3.5903,543.2432,465.7,0.1051,0.6,12.87,9.26,73.7,62.7
55,45.7881,3.5282,553.3429,307.9,0.1051,0.6,13.97,9.26,73.9,62.7
56,45.8075,3.5096,563.3624,322.1,0.1051,0.6,13.77,9.26,73.8,62.7
57,45.719,3.5391,573.4591,411.4,0.1051,0.6,13.37,9.26,73.8,62.7
58,45.6306,3.5686,583.5558,728.5,0.1051,0.6,11.22,9.26,73.4,62.7
59,45.5421,3.5982,593.6524,1042.2,0.1035,0.6,9.43,9.19,73.2,63.5
60,45.4537,3.6277,603.7495,943.0,0.1194,0.7,10.05,9.08,74.8,63.4
61,45.3653,3.6572,613.848,954.2,0.096,0.5,10.29,9.9,73.2,62.4
62,45.2768,3.6867,623.9475,1081.8,0.096,0.5,9.44,9.9,73.0,62.4
63,45.1892,3.7159,633.9517,984.3,0.096,0.5,10.09,9.9,73.1,62.4
